{"polyfill":["/polyfill-62af3a93340fe88e2d38.js"],"app":["/app-6e1bf0207a300b090836.js"],"component---node-modules-gatsby-plugin-offline-app-shell-js":["/component---node-modules-gatsby-plugin-offline-app-shell-js-15096bed533ed0ff8b58.js"],"component---src-pages-404-js":["/component---src-pages-404-js-0ef8af5fe8e2a6f4b2ac.js"],"component---src-pages-advertising-js":["/component---src-pages-advertising-js-510f86bb811a7e3e76fc.js"],"component---src-pages-artist-js":["/component---src-pages-artist-js-57091727827b04947712.js"],"component---src-pages-bio-js":["/component---src-pages-bio-js-daafb0e3f0b656a787de.js"],"component---src-pages-graphic-js":["/component---src-pages-graphic-js-2ed6bc10e205ad57317c.js"],"component---src-pages-index-js":["/component---src-pages-index-js-0cc92d3400f572566d37.js"],"component---src-pages-publicart-js":["/component---src-pages-publicart-js-5a248d4b36d41674f877.js"],"component---src-pages-storyboards-js":["/component---src-pages-storyboards-js-441a6ca9dda0f40d8e08.js"],"component---src-pages-tattoos-js":["/component---src-pages-tattoos-js-3890cc521491d0caa9ed.js"],"component---src-pages-teacher-js":["/component---src-pages-teacher-js-a09212a942f395577a5f.js"]}