{"errors":[],"warnings":[],"namedChunkGroups":{"polyfill":{"chunks":[4,18],"assets":["webpack-runtime-35864cb68b1ee5207908.js","webpack-runtime-35864cb68b1ee5207908.js.map","polyfill-62af3a93340fe88e2d38.js","polyfill-62af3a93340fe88e2d38.js.map"],"children":{},"childAssets":{}},"app":{"chunks":[4,0,17,5],"assets":["webpack-runtime-35864cb68b1ee5207908.js","webpack-runtime-35864cb68b1ee5207908.js.map","styles.0e7b9a87cdbbedfdc116.css","styles-407fe62976dc5310c43e.js","styles-407fe62976dc5310c43e.js.map","framework-c8d3a5345e3f321d7da5.js","framework-c8d3a5345e3f321d7da5.js.map","app-6e1bf0207a300b090836.js","app-6e1bf0207a300b090836.js.map"],"children":{},"childAssets":{}},"component---node-modules-gatsby-plugin-offline-app-shell-js":{"chunks":[6],"assets":["component---node-modules-gatsby-plugin-offline-app-shell-js-15096bed533ed0ff8b58.js","component---node-modules-gatsby-plugin-offline-app-shell-js-15096bed533ed0ff8b58.js.map"],"children":{},"childAssets":{}},"component---src-pages-404-js":{"chunks":[7],"assets":["component---src-pages-404-js-0ef8af5fe8e2a6f4b2ac.js","component---src-pages-404-js-0ef8af5fe8e2a6f4b2ac.js.map"],"children":{},"childAssets":{}},"component---src-pages-advertising-js":{"chunks":[0,1,2,3,8],"assets":["styles.0e7b9a87cdbbedfdc116.css","styles-407fe62976dc5310c43e.js","styles-407fe62976dc5310c43e.js.map","777cf710-331183e154363b42f5f8.js","777cf710-331183e154363b42f5f8.js.map","920e42e89b07503522616e8e1f6a3c9a4a013a1d-8a1eb483ca9e0e47b92b.js","920e42e89b07503522616e8e1f6a3c9a4a013a1d-8a1eb483ca9e0e47b92b.js.map","5391446bd9b21d26c94f7a5abfbfa4c5f48797a3-f8d9442dd49ede85d0a3.js","5391446bd9b21d26c94f7a5abfbfa4c5f48797a3-f8d9442dd49ede85d0a3.js.map","component---src-pages-advertising-js-510f86bb811a7e3e76fc.js","component---src-pages-advertising-js-510f86bb811a7e3e76fc.js.map"],"children":{},"childAssets":{}},"component---src-pages-artist-js":{"chunks":[0,1,2,3,9],"assets":["styles.0e7b9a87cdbbedfdc116.css","styles-407fe62976dc5310c43e.js","styles-407fe62976dc5310c43e.js.map","777cf710-331183e154363b42f5f8.js","777cf710-331183e154363b42f5f8.js.map","920e42e89b07503522616e8e1f6a3c9a4a013a1d-8a1eb483ca9e0e47b92b.js","920e42e89b07503522616e8e1f6a3c9a4a013a1d-8a1eb483ca9e0e47b92b.js.map","5391446bd9b21d26c94f7a5abfbfa4c5f48797a3-f8d9442dd49ede85d0a3.js","5391446bd9b21d26c94f7a5abfbfa4c5f48797a3-f8d9442dd49ede85d0a3.js.map","component---src-pages-artist-js-57091727827b04947712.js","component---src-pages-artist-js-57091727827b04947712.js.map"],"children":{},"childAssets":{}},"component---src-pages-bio-js":{"chunks":[0,1,2,10],"assets":["styles.0e7b9a87cdbbedfdc116.css","styles-407fe62976dc5310c43e.js","styles-407fe62976dc5310c43e.js.map","777cf710-331183e154363b42f5f8.js","777cf710-331183e154363b42f5f8.js.map","920e42e89b07503522616e8e1f6a3c9a4a013a1d-8a1eb483ca9e0e47b92b.js","920e42e89b07503522616e8e1f6a3c9a4a013a1d-8a1eb483ca9e0e47b92b.js.map","component---src-pages-bio-js-daafb0e3f0b656a787de.js","component---src-pages-bio-js-daafb0e3f0b656a787de.js.map"],"children":{},"childAssets":{}},"component---src-pages-graphic-js":{"chunks":[0,1,2,3,11],"assets":["styles.0e7b9a87cdbbedfdc116.css","styles-407fe62976dc5310c43e.js","styles-407fe62976dc5310c43e.js.map","777cf710-331183e154363b42f5f8.js","777cf710-331183e154363b42f5f8.js.map","920e42e89b07503522616e8e1f6a3c9a4a013a1d-8a1eb483ca9e0e47b92b.js","920e42e89b07503522616e8e1f6a3c9a4a013a1d-8a1eb483ca9e0e47b92b.js.map","5391446bd9b21d26c94f7a5abfbfa4c5f48797a3-f8d9442dd49ede85d0a3.js","5391446bd9b21d26c94f7a5abfbfa4c5f48797a3-f8d9442dd49ede85d0a3.js.map","component---src-pages-graphic-js-2ed6bc10e205ad57317c.js","component---src-pages-graphic-js-2ed6bc10e205ad57317c.js.map"],"children":{},"childAssets":{}},"component---src-pages-index-js":{"chunks":[0,1,2,12],"assets":["styles.0e7b9a87cdbbedfdc116.css","styles-407fe62976dc5310c43e.js","styles-407fe62976dc5310c43e.js.map","777cf710-331183e154363b42f5f8.js","777cf710-331183e154363b42f5f8.js.map","920e42e89b07503522616e8e1f6a3c9a4a013a1d-8a1eb483ca9e0e47b92b.js","920e42e89b07503522616e8e1f6a3c9a4a013a1d-8a1eb483ca9e0e47b92b.js.map","component---src-pages-index-js-0cc92d3400f572566d37.js","component---src-pages-index-js-0cc92d3400f572566d37.js.map"],"children":{},"childAssets":{}},"component---src-pages-publicart-js":{"chunks":[0,1,2,3,13],"assets":["styles.0e7b9a87cdbbedfdc116.css","styles-407fe62976dc5310c43e.js","styles-407fe62976dc5310c43e.js.map","777cf710-331183e154363b42f5f8.js","777cf710-331183e154363b42f5f8.js.map","920e42e89b07503522616e8e1f6a3c9a4a013a1d-8a1eb483ca9e0e47b92b.js","920e42e89b07503522616e8e1f6a3c9a4a013a1d-8a1eb483ca9e0e47b92b.js.map","5391446bd9b21d26c94f7a5abfbfa4c5f48797a3-f8d9442dd49ede85d0a3.js","5391446bd9b21d26c94f7a5abfbfa4c5f48797a3-f8d9442dd49ede85d0a3.js.map","component---src-pages-publicart-js-5a248d4b36d41674f877.js","component---src-pages-publicart-js-5a248d4b36d41674f877.js.map"],"children":{},"childAssets":{}},"component---src-pages-storyboards-js":{"chunks":[0,1,2,3,14],"assets":["styles.0e7b9a87cdbbedfdc116.css","styles-407fe62976dc5310c43e.js","styles-407fe62976dc5310c43e.js.map","777cf710-331183e154363b42f5f8.js","777cf710-331183e154363b42f5f8.js.map","920e42e89b07503522616e8e1f6a3c9a4a013a1d-8a1eb483ca9e0e47b92b.js","920e42e89b07503522616e8e1f6a3c9a4a013a1d-8a1eb483ca9e0e47b92b.js.map","5391446bd9b21d26c94f7a5abfbfa4c5f48797a3-f8d9442dd49ede85d0a3.js","5391446bd9b21d26c94f7a5abfbfa4c5f48797a3-f8d9442dd49ede85d0a3.js.map","component---src-pages-storyboards-js-441a6ca9dda0f40d8e08.js","component---src-pages-storyboards-js-441a6ca9dda0f40d8e08.js.map"],"children":{},"childAssets":{}},"component---src-pages-tattoos-js":{"chunks":[0,1,2,3,15],"assets":["styles.0e7b9a87cdbbedfdc116.css","styles-407fe62976dc5310c43e.js","styles-407fe62976dc5310c43e.js.map","777cf710-331183e154363b42f5f8.js","777cf710-331183e154363b42f5f8.js.map","920e42e89b07503522616e8e1f6a3c9a4a013a1d-8a1eb483ca9e0e47b92b.js","920e42e89b07503522616e8e1f6a3c9a4a013a1d-8a1eb483ca9e0e47b92b.js.map","5391446bd9b21d26c94f7a5abfbfa4c5f48797a3-f8d9442dd49ede85d0a3.js","5391446bd9b21d26c94f7a5abfbfa4c5f48797a3-f8d9442dd49ede85d0a3.js.map","component---src-pages-tattoos-js-3890cc521491d0caa9ed.js","component---src-pages-tattoos-js-3890cc521491d0caa9ed.js.map"],"children":{},"childAssets":{}},"component---src-pages-teacher-js":{"chunks":[0,1,2,16],"assets":["styles.0e7b9a87cdbbedfdc116.css","styles-407fe62976dc5310c43e.js","styles-407fe62976dc5310c43e.js.map","777cf710-331183e154363b42f5f8.js","777cf710-331183e154363b42f5f8.js.map","920e42e89b07503522616e8e1f6a3c9a4a013a1d-8a1eb483ca9e0e47b92b.js","920e42e89b07503522616e8e1f6a3c9a4a013a1d-8a1eb483ca9e0e47b92b.js.map","component---src-pages-teacher-js-a09212a942f395577a5f.js","component---src-pages-teacher-js-a09212a942f395577a5f.js.map"],"children":{},"childAssets":{}}},"assetsByChunkName":{"polyfill":["webpack-runtime-35864cb68b1ee5207908.js","polyfill-62af3a93340fe88e2d38.js"],"app":["webpack-runtime-35864cb68b1ee5207908.js","styles.0e7b9a87cdbbedfdc116.css","styles-407fe62976dc5310c43e.js","framework-c8d3a5345e3f321d7da5.js","app-6e1bf0207a300b090836.js"],"component---node-modules-gatsby-plugin-offline-app-shell-js":["component---node-modules-gatsby-plugin-offline-app-shell-js-15096bed533ed0ff8b58.js"],"component---src-pages-404-js":["component---src-pages-404-js-0ef8af5fe8e2a6f4b2ac.js"],"component---src-pages-advertising-js":["styles.0e7b9a87cdbbedfdc116.css","styles-407fe62976dc5310c43e.js","777cf710-331183e154363b42f5f8.js","920e42e89b07503522616e8e1f6a3c9a4a013a1d-8a1eb483ca9e0e47b92b.js","5391446bd9b21d26c94f7a5abfbfa4c5f48797a3-f8d9442dd49ede85d0a3.js","component---src-pages-advertising-js-510f86bb811a7e3e76fc.js"],"component---src-pages-artist-js":["styles.0e7b9a87cdbbedfdc116.css","styles-407fe62976dc5310c43e.js","777cf710-331183e154363b42f5f8.js","920e42e89b07503522616e8e1f6a3c9a4a013a1d-8a1eb483ca9e0e47b92b.js","5391446bd9b21d26c94f7a5abfbfa4c5f48797a3-f8d9442dd49ede85d0a3.js","component---src-pages-artist-js-57091727827b04947712.js"],"component---src-pages-bio-js":["styles.0e7b9a87cdbbedfdc116.css","styles-407fe62976dc5310c43e.js","777cf710-331183e154363b42f5f8.js","920e42e89b07503522616e8e1f6a3c9a4a013a1d-8a1eb483ca9e0e47b92b.js","component---src-pages-bio-js-daafb0e3f0b656a787de.js"],"component---src-pages-graphic-js":["styles.0e7b9a87cdbbedfdc116.css","styles-407fe62976dc5310c43e.js","777cf710-331183e154363b42f5f8.js","920e42e89b07503522616e8e1f6a3c9a4a013a1d-8a1eb483ca9e0e47b92b.js","5391446bd9b21d26c94f7a5abfbfa4c5f48797a3-f8d9442dd49ede85d0a3.js","component---src-pages-graphic-js-2ed6bc10e205ad57317c.js"],"component---src-pages-index-js":["styles.0e7b9a87cdbbedfdc116.css","styles-407fe62976dc5310c43e.js","777cf710-331183e154363b42f5f8.js","920e42e89b07503522616e8e1f6a3c9a4a013a1d-8a1eb483ca9e0e47b92b.js","component---src-pages-index-js-0cc92d3400f572566d37.js"],"component---src-pages-publicart-js":["styles.0e7b9a87cdbbedfdc116.css","styles-407fe62976dc5310c43e.js","777cf710-331183e154363b42f5f8.js","920e42e89b07503522616e8e1f6a3c9a4a013a1d-8a1eb483ca9e0e47b92b.js","5391446bd9b21d26c94f7a5abfbfa4c5f48797a3-f8d9442dd49ede85d0a3.js","component---src-pages-publicart-js-5a248d4b36d41674f877.js"],"component---src-pages-storyboards-js":["styles.0e7b9a87cdbbedfdc116.css","styles-407fe62976dc5310c43e.js","777cf710-331183e154363b42f5f8.js","920e42e89b07503522616e8e1f6a3c9a4a013a1d-8a1eb483ca9e0e47b92b.js","5391446bd9b21d26c94f7a5abfbfa4c5f48797a3-f8d9442dd49ede85d0a3.js","component---src-pages-storyboards-js-441a6ca9dda0f40d8e08.js"],"component---src-pages-tattoos-js":["styles.0e7b9a87cdbbedfdc116.css","styles-407fe62976dc5310c43e.js","777cf710-331183e154363b42f5f8.js","920e42e89b07503522616e8e1f6a3c9a4a013a1d-8a1eb483ca9e0e47b92b.js","5391446bd9b21d26c94f7a5abfbfa4c5f48797a3-f8d9442dd49ede85d0a3.js","component---src-pages-tattoos-js-3890cc521491d0caa9ed.js"],"component---src-pages-teacher-js":["styles.0e7b9a87cdbbedfdc116.css","styles-407fe62976dc5310c43e.js","777cf710-331183e154363b42f5f8.js","920e42e89b07503522616e8e1f6a3c9a4a013a1d-8a1eb483ca9e0e47b92b.js","component---src-pages-teacher-js-a09212a942f395577a5f.js"]}}