{"app":["/app-43ef85a922bf0870e2b8.js"],"component---node-modules-gatsby-plugin-offline-app-shell-js":["/component---node-modules-gatsby-plugin-offline-app-shell-js-9bdbc5a08fa02f1a7fbe.js"],"component---src-pages-404-js":["/component---src-pages-404-js-477aa653438bbf4dd3c2.js"],"component---src-pages-advertising-js":["/component---src-pages-advertising-js-9ae18fea5c94358b9977.js"],"component---src-pages-artist-js":["/component---src-pages-artist-js-be1bfd2e7c15699e33e8.js"],"component---src-pages-bio-js":["/component---src-pages-bio-js-d8c77ee56258e9d2f310.js"],"component---src-pages-graphic-js":["/component---src-pages-graphic-js-93de3810806632aa3e35.js"],"component---src-pages-index-js":["/component---src-pages-index-js-597d0acb8335bc904594.js"],"component---src-pages-publicart-js":["/component---src-pages-publicart-js-1a7ed130e500ee5203b1.js"],"component---src-pages-storyboards-js":["/component---src-pages-storyboards-js-2db05a9b0ea24c19fa49.js"],"component---src-pages-tattoos-js":["/component---src-pages-tattoos-js-c167b12006049ffd9516.js"],"component---src-pages-teacher-js":["/component---src-pages-teacher-js-bc45b86f65c7417855ab.js"],"pages-manifest":["/pages-manifest-de437eca1fffa397f8f0.js"]}