{"errors":[],"warnings":[],"namedChunkGroups":{"app":{"chunks":[16,0,3],"assets":["webpack-runtime-3b7e7ed178724d8b070f.js","webpack-runtime-3b7e7ed178724d8b070f.js.map","styles.6691e72036e2c5f24d00.css","styles-e9794cde99dc68f57dc8.js","styles-e9794cde99dc68f57dc8.js.map","app-43ef85a922bf0870e2b8.js","app-43ef85a922bf0870e2b8.js.map"],"children":{},"childAssets":{}},"component---node-modules-gatsby-plugin-offline-app-shell-js":{"chunks":[4],"assets":["component---node-modules-gatsby-plugin-offline-app-shell-js-9bdbc5a08fa02f1a7fbe.js","component---node-modules-gatsby-plugin-offline-app-shell-js-9bdbc5a08fa02f1a7fbe.js.map"],"children":{},"childAssets":{}},"component---src-pages-404-js":{"chunks":[5],"assets":["component---src-pages-404-js-477aa653438bbf4dd3c2.js","component---src-pages-404-js-477aa653438bbf4dd3c2.js.map"],"children":{},"childAssets":{}},"component---src-pages-advertising-js":{"chunks":[0,1,2,6],"assets":["styles.6691e72036e2c5f24d00.css","styles-e9794cde99dc68f57dc8.js","styles-e9794cde99dc68f57dc8.js.map","1-f78397b64218fd312a18.js","1-f78397b64218fd312a18.js.map","2-02f2dadd0c8c4f96da83.js","2-02f2dadd0c8c4f96da83.js.map","component---src-pages-advertising-js-9ae18fea5c94358b9977.js","component---src-pages-advertising-js-9ae18fea5c94358b9977.js.map"],"children":{},"childAssets":{}},"component---src-pages-artist-js":{"chunks":[0,1,2,7],"assets":["styles.6691e72036e2c5f24d00.css","styles-e9794cde99dc68f57dc8.js","styles-e9794cde99dc68f57dc8.js.map","1-f78397b64218fd312a18.js","1-f78397b64218fd312a18.js.map","2-02f2dadd0c8c4f96da83.js","2-02f2dadd0c8c4f96da83.js.map","component---src-pages-artist-js-be1bfd2e7c15699e33e8.js","component---src-pages-artist-js-be1bfd2e7c15699e33e8.js.map"],"children":{},"childAssets":{}},"component---src-pages-bio-js":{"chunks":[0,1,8],"assets":["styles.6691e72036e2c5f24d00.css","styles-e9794cde99dc68f57dc8.js","styles-e9794cde99dc68f57dc8.js.map","1-f78397b64218fd312a18.js","1-f78397b64218fd312a18.js.map","component---src-pages-bio-js-d8c77ee56258e9d2f310.js","component---src-pages-bio-js-d8c77ee56258e9d2f310.js.map"],"children":{},"childAssets":{}},"component---src-pages-graphic-js":{"chunks":[0,1,2,9],"assets":["styles.6691e72036e2c5f24d00.css","styles-e9794cde99dc68f57dc8.js","styles-e9794cde99dc68f57dc8.js.map","1-f78397b64218fd312a18.js","1-f78397b64218fd312a18.js.map","2-02f2dadd0c8c4f96da83.js","2-02f2dadd0c8c4f96da83.js.map","component---src-pages-graphic-js-93de3810806632aa3e35.js","component---src-pages-graphic-js-93de3810806632aa3e35.js.map"],"children":{},"childAssets":{}},"component---src-pages-index-js":{"chunks":[0,1,10],"assets":["styles.6691e72036e2c5f24d00.css","styles-e9794cde99dc68f57dc8.js","styles-e9794cde99dc68f57dc8.js.map","1-f78397b64218fd312a18.js","1-f78397b64218fd312a18.js.map","component---src-pages-index-js-597d0acb8335bc904594.js","component---src-pages-index-js-597d0acb8335bc904594.js.map"],"children":{},"childAssets":{}},"component---src-pages-publicart-js":{"chunks":[0,1,2,11],"assets":["styles.6691e72036e2c5f24d00.css","styles-e9794cde99dc68f57dc8.js","styles-e9794cde99dc68f57dc8.js.map","1-f78397b64218fd312a18.js","1-f78397b64218fd312a18.js.map","2-02f2dadd0c8c4f96da83.js","2-02f2dadd0c8c4f96da83.js.map","component---src-pages-publicart-js-1a7ed130e500ee5203b1.js","component---src-pages-publicart-js-1a7ed130e500ee5203b1.js.map"],"children":{},"childAssets":{}},"component---src-pages-storyboards-js":{"chunks":[0,1,2,12],"assets":["styles.6691e72036e2c5f24d00.css","styles-e9794cde99dc68f57dc8.js","styles-e9794cde99dc68f57dc8.js.map","1-f78397b64218fd312a18.js","1-f78397b64218fd312a18.js.map","2-02f2dadd0c8c4f96da83.js","2-02f2dadd0c8c4f96da83.js.map","component---src-pages-storyboards-js-2db05a9b0ea24c19fa49.js","component---src-pages-storyboards-js-2db05a9b0ea24c19fa49.js.map"],"children":{},"childAssets":{}},"component---src-pages-tattoos-js":{"chunks":[0,1,2,13],"assets":["styles.6691e72036e2c5f24d00.css","styles-e9794cde99dc68f57dc8.js","styles-e9794cde99dc68f57dc8.js.map","1-f78397b64218fd312a18.js","1-f78397b64218fd312a18.js.map","2-02f2dadd0c8c4f96da83.js","2-02f2dadd0c8c4f96da83.js.map","component---src-pages-tattoos-js-c167b12006049ffd9516.js","component---src-pages-tattoos-js-c167b12006049ffd9516.js.map"],"children":{},"childAssets":{}},"component---src-pages-teacher-js":{"chunks":[0,1,14],"assets":["styles.6691e72036e2c5f24d00.css","styles-e9794cde99dc68f57dc8.js","styles-e9794cde99dc68f57dc8.js.map","1-f78397b64218fd312a18.js","1-f78397b64218fd312a18.js.map","component---src-pages-teacher-js-bc45b86f65c7417855ab.js","component---src-pages-teacher-js-bc45b86f65c7417855ab.js.map"],"children":{},"childAssets":{}},"pages-manifest":{"chunks":[15],"assets":["pages-manifest-de437eca1fffa397f8f0.js","pages-manifest-de437eca1fffa397f8f0.js.map"],"children":{},"childAssets":{}}},"assetsByChunkName":{"app":["webpack-runtime-3b7e7ed178724d8b070f.js","styles.6691e72036e2c5f24d00.css","styles-e9794cde99dc68f57dc8.js","app-43ef85a922bf0870e2b8.js"],"component---node-modules-gatsby-plugin-offline-app-shell-js":["component---node-modules-gatsby-plugin-offline-app-shell-js-9bdbc5a08fa02f1a7fbe.js"],"component---src-pages-404-js":["component---src-pages-404-js-477aa653438bbf4dd3c2.js"],"component---src-pages-advertising-js":["styles.6691e72036e2c5f24d00.css","styles-e9794cde99dc68f57dc8.js","1-f78397b64218fd312a18.js","2-02f2dadd0c8c4f96da83.js","component---src-pages-advertising-js-9ae18fea5c94358b9977.js"],"component---src-pages-artist-js":["styles.6691e72036e2c5f24d00.css","styles-e9794cde99dc68f57dc8.js","1-f78397b64218fd312a18.js","2-02f2dadd0c8c4f96da83.js","component---src-pages-artist-js-be1bfd2e7c15699e33e8.js"],"component---src-pages-bio-js":["styles.6691e72036e2c5f24d00.css","styles-e9794cde99dc68f57dc8.js","1-f78397b64218fd312a18.js","component---src-pages-bio-js-d8c77ee56258e9d2f310.js"],"component---src-pages-graphic-js":["styles.6691e72036e2c5f24d00.css","styles-e9794cde99dc68f57dc8.js","1-f78397b64218fd312a18.js","2-02f2dadd0c8c4f96da83.js","component---src-pages-graphic-js-93de3810806632aa3e35.js"],"component---src-pages-index-js":["styles.6691e72036e2c5f24d00.css","styles-e9794cde99dc68f57dc8.js","1-f78397b64218fd312a18.js","component---src-pages-index-js-597d0acb8335bc904594.js"],"component---src-pages-publicart-js":["styles.6691e72036e2c5f24d00.css","styles-e9794cde99dc68f57dc8.js","1-f78397b64218fd312a18.js","2-02f2dadd0c8c4f96da83.js","component---src-pages-publicart-js-1a7ed130e500ee5203b1.js"],"component---src-pages-storyboards-js":["styles.6691e72036e2c5f24d00.css","styles-e9794cde99dc68f57dc8.js","1-f78397b64218fd312a18.js","2-02f2dadd0c8c4f96da83.js","component---src-pages-storyboards-js-2db05a9b0ea24c19fa49.js"],"component---src-pages-tattoos-js":["styles.6691e72036e2c5f24d00.css","styles-e9794cde99dc68f57dc8.js","1-f78397b64218fd312a18.js","2-02f2dadd0c8c4f96da83.js","component---src-pages-tattoos-js-c167b12006049ffd9516.js"],"component---src-pages-teacher-js":["styles.6691e72036e2c5f24d00.css","styles-e9794cde99dc68f57dc8.js","1-f78397b64218fd312a18.js","component---src-pages-teacher-js-bc45b86f65c7417855ab.js"],"pages-manifest":["pages-manifest-de437eca1fffa397f8f0.js"]}}